,item,n_steps
102,45859,3
264,175306,6
272,423875,2
295,251021,3
304,429524,4
317,124853,2
351,285606,2
416,136231,7
509,335495,5
570,201813,3
589,280251,2
590,242761,2
614,261888,3
705,79736,6
720,100837,4
735,249911,4
912,235003,4
992,224908,7
995,262448,1
1090,289160,9
1096,290008,2
1129,262501,3
1141,297466,1
1383,266704,6
1410,280875,2
1463,404871,8
1495,321420,2
1496,406071,7
1512,30212,9
1513,176415,3
1621,262686,3
1675,255840,4
1676,284848,1
1792,251279,2
1811,286468,1
1828,309674,3
1830,49504,4
1852,254489,2
1885,422484,3
1899,259452,5
1929,15514,3
1942,15719,3
1943,85476,6
1971,109007,3
1972,15715,1
1991,15764,3
2034,429764,12
2173,245851,4
2254,413505,3
2275,169350,3
2276,251276,3
2277,169648,4
2278,240397,3
2279,184628,2
2280,183578,2
2281,225076,2
2282,261358,2
2283,251020,4
2294,243155,7
2296,383260,3
2309,14429,2
2324,315660,4
2344,14434,2
2362,352833,2
2396,8827,1
2397,235161,3
2407,181386,6
2422,523276,3
2524,168085,5
2572,252680,2
2616,206136,2
2617,300355,5
2619,309161,1
2623,268065,5
2624,368852,2
2625,194687,4
2627,281241,1
2628,170594,5
2629,194689,4
2630,351371,1
2636,229362,4
2637,351422,10
2682,172729,2
2709,220202,2
2740,292695,2
2741,309952,2
2746,173567,2
2748,430263,3
2804,261374,1
2807,322039,9
2808,216271,3
2812,303712,1
2813,339553,2
2828,242350,5
2834,284859,3
2835,240135,3
2840,287518,1
2847,485158,1
2853,366921,3
2855,482806,17
2857,369080,4
2884,238464,1
2893,483578,6
2894,225953,4
2917,279155,2
3110,315595,6
3111,276396,1
3112,316670,2
3113,8842,2
3141,235399,4
3142,277332,9
3145,239270,4
3245,335816,2
3277,250787,5
3490,348114,3
3496,429260,4
3498,423045,4
3500,60665,2
3503,16160,3
3505,383147,5
3520,391825,3
3654,264808,2
3659,373804,1
3679,175747,1
3776,280658,2
3792,57885,5
3800,290930,2
3801,284868,1
3806,262499,1
3964,371425,3
4132,354084,3
4150,165452,2
4224,73631,6
4225,304018,2
4251,164903,3
4300,477085,9
4359,249855,1
4364,220201,2
4407,202716,6
4410,94363,5
4411,180696,5
4413,423848,2
4415,292860,1
4447,256689,3
4455,162998,3
4461,406792,1
4474,318805,2
4476,227943,10
4485,55053,1
4486,403920,5
4490,292681,2
4492,17793,3
4496,118200,4
4497,163484,2
4499,54447,5
4502,16677,1
4505,292679,2
4507,292678,3
4516,294327,2
4517,217549,2
4519,285133,1
4520,455734,5
4521,327437,3
4522,205566,3
4524,217536,2
4526,456752,2
4528,220556,6
4530,179482,3
4531,318437,4
4533,184658,2
4534,185230,1
4535,220198,2
4536,217541,3
4537,304905,3
4539,220199,2
4540,322556,4
4541,305058,2
4789,351729,9
4850,244809,2
4852,297570,1
5058,427188,2
5141,258872,2
5147,369785,2
5238,483087,3
5291,117582,4
5342,359515,2
5457,276285,11
5476,275046,1
5480,286697,1
5497,70551,7
5504,517983,3
5607,291366,2
5684,361431,2
5696,64153,5
5701,417837,7
5850,391853,1
5995,530752,8
6006,66402,3
6009,293254,3
6079,355063,3
6262,367080,3
6283,98410,8
6285,356404,4
6380,279527,2
6500,490291,2
6520,192597,3
6589,382871,2
6599,221153,2
6600,264075,2
6752,427204,5
6784,150561,5
6786,187628,3
6898,67415,2
6899,145893,4
7044,202658,9
7049,319373,4
7079,474631,6
7094,29781,9
7102,382538,3
7103,281565,5
7104,476461,7
7121,116924,4
7124,220262,4
7130,257335,2
7293,467558,5
7390,356522,10
7684,37175,4
7696,291850,3
7698,372831,1
7724,307305,4
7726,266523,2
7740,320131,3
7746,331231,4
7915,61105,1
7924,272173,8
8004,456250,5
8009,30787,4
8013,69309,6
8014,239445,5
8147,101353,5
8233,96226,3
8240,250075,3
8253,135777,7
8320,101464,3
8361,173982,4
8362,241815,2
8363,268007,3
8365,58637,4
8366,504571,4
8370,79170,1
8443,295824,2
8446,284161,7
8482,536044,4
8510,250192,2
8579,144405,1
9243,174273,3
9300,423059,1
9344,174274,3
9377,217467,6
9378,220309,4
9446,423381,2
10085,250166,3
10096,212591,2
10098,242162,5
10101,246490,4
10125,327111,3
10126,20555,8
10155,260325,2
10156,293947,2
10165,290742,1
10239,174216,3
10455,468812,13
10568,279069,1
10570,482994,4
10624,523275,3
10647,170329,2
10651,448174,4
10652,67009,1
10664,371087,3
10682,369975,1
10687,426066,3
10693,425435,2
10749,307582,2
10801,202872,6
10915,101669,3
10922,333785,2
11036,314330,5
11183,126806,4
11473,253584,3
11505,127415,6
11774,249382,2
11798,58495,6
11799,328714,9
11802,348117,2
11826,286579,1
11827,185278,1
11828,162638,1
11985,243991,4
12059,255324,3
12108,149054,4
12110,282238,4
12112,465202,2
12113,270387,2
12124,41404,8
12149,14450,1
12970,164002,4
12990,249695,2
13041,145435,2
13049,248572,3
13052,367779,2
13053,37208,3
13057,236109,2
13059,58012,2
13062,373530,4
13074,37131,2
13075,373173,8
13091,55917,4
13092,295425,3
13093,246503,6
13094,211060,2
13101,235219,3
13104,537459,5
13107,330840,2
13109,214530,6
13110,214527,5
13111,214525,3
13115,290202,1
13119,200351,5
13120,80100,2
13138,391786,4
13139,291262,1
13141,214514,3
13146,214576,6
13147,64662,4
13148,214518,5
13153,286386,3
13154,100307,8
13158,305152,3
13159,323379,4
13160,148471,1
13161,213049,2
13169,78362,3
13170,213034,6
13171,95236,2
13174,279997,2
13176,303753,3
13177,292164,3
13178,190690,2
13181,285373,3
13192,174212,3
13313,357358,4
15618,427249,5
15682,97482,7
15726,40271,6
16023,183558,3
16032,338301,9
16046,503051,2
16052,90997,2
16081,96608,2
16117,376990,3
16148,325539,1
16153,191433,1
16241,286813,3
16352,423587,5
16444,45777,1
16445,354082,9
16460,376402,2
16479,292911,1
16487,163971,3
16536,123555,2
16555,173659,3
16567,96272,4
16575,177548,3
16592,41008,9
16638,92728,6
16675,185488,2
16681,418327,5
16682,157669,1
16713,147426,3
16744,271019,4
16828,288718,2
16831,120932,2
16870,58743,3
16885,223820,2
17001,185363,3
17014,32431,2
17040,223898,2
17066,292753,3
17067,427189,2
17090,80137,4
17302,310929,2
17330,330056,1
17398,457811,2
17412,297517,1
17418,306120,10
17476,222933,7
17480,232666,1
17483,503054,8
17503,345237,2
17923,491154,1
17935,167513,5
18011,384497,3
18016,85451,7
18145,77180,4
18147,147538,2
18148,213530,2
18157,142258,3
18163,255841,4
18164,386362,2
18166,192813,2
18183,183835,18
18380,115762,5
18418,60506,7
18687,185611,5
18714,420640,3
18793,179781,3
18851,483769,3
18895,455162,3
18896,253665,3
18975,426072,2
18990,271395,5
19020,347635,3
19040,121715,4
19061,270454,3
19075,107938,2
19076,298166,5
19129,245842,13
19475,103549,10
19480,85527,8
19482,474056,4
19485,423018,4
19720,16613,2
19732,216891,1
19751,369543,4
19753,445393,8
19760,67982,3
19822,336382,1
21107,307352,5
21116,375606,7
21274,235646,4
21277,202413,5
21278,183097,3
21303,427585,4
21562,424653,3
21660,269261,2
21665,322199,2
21666,223621,5
21673,197765,7
21674,183971,5
21675,25691,5
21684,375066,2
21711,229789,4
21728,302262,1
21737,302388,1
21761,407538,3
21807,250764,3
21810,429769,2
21816,334090,2
21829,272175,3
21869,282956,4
21876,169947,7
21915,470688,2
21938,102098,14
21995,384789,3
22033,319934,7
22043,149782,8
22051,282328,5
22104,309521,2
22109,232501,6
22196,312980,9
22208,225347,5
22404,416835,6
22468,323851,3
22579,67665,4
22634,227316,8
22716,307926,1
22816,334681,6
22928,419427,10
22977,292935,3
23198,80994,8
23231,27928,3
23261,257254,2
23262,236364,2
23343,8822,4
23345,235224,4
23402,349403,2
23489,253291,4
23548,310560,3
23550,60227,1
23570,85498,5
23637,280954,2
23680,248339,4
23682,474732,7
23707,270453,5
23708,291645,2
23778,327969,2
23938,284512,2
23976,245066,3
24024,250338,8
24031,314283,6
24033,337325,3
24451,188017,2
24458,468507,5
24463,333816,1
24469,254519,3
24476,462911,3
24485,278504,1
24487,254955,1
24552,39817,4
24586,143562,2
24587,274068,4
24594,251571,2
24597,222998,1
24604,293470,3
24625,46094,1
24664,383764,7
24669,8823,1
24676,329040,11
24691,292937,1
24692,8817,1
24778,65462,4
24808,98218,4
24817,146718,2
24829,239156,5
24840,61620,2
24859,111396,5
24865,91061,5
24867,277697,4
24868,33847,3
24869,116786,14
24873,364348,6
24874,266478,6
24888,311785,8
24899,168574,5
24908,240345,5
24915,226044,5
24920,15298,6
25024,283518,4
25032,299059,1
25042,222563,3
25056,453425,5
25057,213028,8
25062,260641,1
25148,292857,2
25164,15601,3
25170,286717,1
25173,368021,2
25188,312912,2
25204,421487,3
25205,57833,2
25206,210661,6
25207,249833,7
25208,279919,5
25210,411014,5
25211,418159,5
25219,72038,2
25221,34028,2
25222,292824,4
25223,56339,6
25226,248795,2
25227,32458,2
25228,308394,4
25230,108294,7
25231,104921,3
25232,299313,5
25234,249773,4
25236,193738,1
25242,65903,4
25244,243271,7
25255,24970,3
25256,515629,5
25257,230818,2
25260,14700,4
25353,428486,3
25357,235616,3
25364,164183,1
25367,226234,14
25368,467493,4
25556,281101,3
25569,293472,4
25570,386195,3
25573,302608,3
25575,259627,3
25578,235372,2
25579,293919,5
25580,297524,1
25584,290330,7
25586,215087,2
25588,456226,4
25589,118310,3
25590,70591,4
25594,451110,2
25596,359524,1
25597,180077,1
25598,33755,4
25600,232157,3
25601,258442,1
25602,65098,4
25603,114060,2
25607,263450,8
25609,55877,2
25610,142687,5
25613,297551,2
25615,66501,3
25616,237000,3
25625,504698,2
25628,293474,1
25679,166709,3
25682,282735,4
25688,73241,5
25691,349461,4
25696,456155,2
25704,339034,2
25874,274733,1
25924,30317,7
26011,231186,2
26012,343810,3
26057,270160,5
26058,417539,4
26085,250154,2
26135,369876,5
26137,242722,6
26145,369377,4
26149,239206,9
26283,173984,3
26338,16574,4
26462,33311,2
26466,299843,2
26469,223190,4
26474,33556,4
26476,220406,2
26477,257713,4
26479,232384,3
26486,353067,4
26503,251561,3
26507,373923,4
26592,209976,2
26627,166995,2
26826,425639,3
26836,91164,5
26842,137463,4
26869,204520,8
26892,485796,3
26904,446717,8
26952,422823,2
26979,324964,1
26980,446087,3
26981,281442,4
26982,248969,5
26999,456761,2
27001,250699,4
27002,229344,3
27012,259896,7
27014,317216,1
27056,250339,3
27093,251087,3
27094,150063,1
27099,181600,3
27139,259219,1
27188,501854,11
27215,336877,3
27221,146850,5
27222,147338,3
27224,8824,1
27232,331226,4
27236,503336,4
27240,236936,3
27266,178277,1
27273,358159,4
27437,180081,3
27444,429019,5
27480,242760,4
27482,188012,4
27787,303443,2
27791,214445,1
27829,454111,3
27830,194433,5
27831,42760,2
27832,32230,4
27833,332217,4
27844,259325,3
27860,64974,3
27861,176304,4
27865,379450,3
27867,294678,1
27931,370066,2
27955,302917,7
27973,455231,3
28008,313840,4
28014,185411,2
28025,455724,4
28392,325063,3
28409,377958,2
28472,82757,2
28758,80143,3
28777,326819,3
28801,359488,2
28906,349398,1
30005,326409,3
30012,8821,1
30015,254936,2
30086,36814,3
30215,223829,3
30467,346251,3
30585,303294,11
30592,36020,2
30893,245412,4
30898,385448,1
30901,238566,2
30902,326180,26
30903,264964,4
30905,265892,3
30965,198884,7
30966,422928,4
31297,176210,3
31419,217402,2
31427,114645,3
31446,39062,3
31472,164175,4
31484,255370,2
31485,270209,5
31575,293338,3
31577,487606,8
31582,159087,2
31583,159188,2
31597,320541,7
31659,88440,6
31661,72392,1
31664,222537,6
31719,286448,2
31741,253785,2
31775,284368,4
31783,257475,3
31786,291327,1
31901,213057,2
31947,249323,1
31949,275810,8
31964,176870,3
31976,255326,4
31987,146046,4
31995,113487,5
32032,257444,4
32384,219708,1
32385,289301,1
32568,216277,3
32570,350916,3
32574,205571,2
32593,271150,3
32612,338163,3
32627,411516,1
32648,286518,3
32653,331885,17
32676,322729,3
32679,459539,2
32738,292966,2
32765,199533,4
32808,238073,1
32873,45767,1
32914,392352,1
33158,291785,11
33169,315810,3
33185,193560,3
33188,167995,1
33192,369218,4
33194,235628,4
33197,52399,4
33198,424481,5
33216,210159,12
33289,283668,3
33298,213052,2
33310,258788,5
33315,187160,10
33331,280880,2
33333,279689,3
33345,60093,2
33352,227015,4
33355,456698,3
33357,457808,2
33369,244862,4
33370,252356,3
33371,296520,3
33378,457046,2
33392,284372,2
33395,243468,6
33396,423872,4
33397,59356,6
33398,457234,4
33399,307684,5
33400,456415,6
33412,502932,5
33422,107917,9
33517,108094,6
33625,503744,10
33627,300769,7
33681,219711,2
34024,321408,2
34037,176480,3
34078,24324,3
34095,94160,3
34149,321212,2
34150,418422,4
34253,264636,4
34263,131264,6
34369,431017,3
34370,159961,3
34371,352469,3
34372,412571,4
34373,292473,4
34377,271875,4
34432,256888,3
34561,310649,2
34583,128488,1
34588,133364,4
34603,173268,4
34612,307786,7
34625,173259,3
34633,310564,2
34645,504821,2
34647,276388,3
34750,219921,2
34755,238933,5
34761,507169,1
34777,271402,1
34795,149217,3
34804,276095,6
34816,201060,8
34835,134982,2
34861,15706,4
34994,318295,5
34996,315008,4
35001,219887,14
35010,123414,12
35075,8816,1
35088,293870,2
35089,171391,3
35105,296888,3
35135,304537,2
35137,305532,9
35178,427787,2
35223,231995,3
35264,353771,5
35271,351640,3
35275,232849,2
35287,451374,7
35311,266027,2
35327,195219,3
35330,196377,6
35350,179151,2
35354,333597,3
35365,71483,4
35399,130977,5
35420,258558,3
35428,184348,1
35472,297630,1
35511,185025,5
35572,261885,4
35594,297723,3
36058,204765,2
36061,250278,4
36062,250297,3
36063,320919,4
36064,250276,4
36153,457002,2
36157,533118,2
36183,433358,10
36186,155047,2
36191,259902,3
36192,291385,1
36222,171585,6
36241,203532,1
36251,250987,3
36257,372948,2
36297,372963,2
36307,255446,4
36311,364209,3
36313,503301,3
36336,155046,6
36337,232769,2
36338,303878,2
36350,231024,2
36351,231023,5
36381,232663,4
36382,372867,3
36383,36744,3
36391,505119,5
36392,229164,3
36398,39707,2
36409,263469,2
36418,95673,3
36557,367137,1
36609,345038,2
36624,163968,3
36656,223603,4
36691,428476,4
36708,356684,2
36728,249488,3
36910,126607,4
37300,168807,2
37305,234922,3
37314,292140,5
37465,233047,3
37511,299073,1
37516,96348,5
37595,330844,2
37909,229089,3
37956,483411,2
37957,30392,2
37977,345855,4
37999,163103,2
38012,272371,7
38111,115398,4
38122,254112,3
38213,247141,7
38219,326846,4
38307,171531,4
38310,190067,2
38311,188402,2
38313,278809,5
38314,274715,7
38318,338800,3
38319,270195,3
38320,176671,3
38321,374335,1
38322,209080,2
38323,254671,3
38346,311800,2
38347,360805,30
38348,279926,6
38350,82786,10
38356,325624,2
38359,352926,6
38362,246293,4
38363,14124,9
38367,216320,3
38369,388321,11
38372,149033,6
38375,166279,3
38380,33284,5
38382,434769,3
38384,26298,5
38385,78745,3
38393,111316,2
38396,165199,3
38397,283958,3
38445,462640,3
38467,99645,2
38567,503294,3
38585,63296,3
38647,7670,4
38655,291135,5
38694,495345,11
38706,56764,6
39866,355041,3
39882,298917,3
39896,319511,4
41126,72059,1
41128,180573,3
41129,224747,4
41232,115411,4
41233,286618,4
41236,376190,5
41237,308225,5
41242,346236,2
41283,270481,3
41359,142111,6
41423,58011,1
41438,324269,7
41466,150227,3
41471,13345,19
41576,282279,2
41581,232848,3
41582,522941,6
41591,298914,2
41604,299048,2
41700,118297,4
41703,312557,4
41775,273819,2
41846,355046,4
41847,355047,5
41851,59043,2
42057,301808,1
42058,210991,4
42067,30069,2
42068,104374,2
42071,27582,2
42097,307153,9
47227,14782,1
47261,454724,2
47323,29162,5
47398,243483,4
47633,236249,12
47849,299410,2
48156,279965,3
48160,225991,4
48199,96504,2
48200,212632,2
49081,66914,1
49092,187322,2
49170,145254,9
49327,485835,5
49353,424356,2
49418,318525,2
49434,286413,4
49438,297839,1
49489,139433,2
49553,250783,3
49608,457273,6
49715,63608,5
50233,142499,1
50261,334392,2
50264,185896,3
50275,89269,4
50276,177186,6
50280,276196,5
50324,255435,4
50492,217083,4
50550,210983,7
50690,460774,5
50737,346216,4
50743,177688,2
50756,257357,2
50775,292378,17
50806,261312,2
50838,62973,4
50839,420992,6
50929,59381,4
51002,121343,3
51012,334394,3
51029,458277,7
51031,376858,2
51045,338167,2
51166,342793,6
51174,219830,2
51361,315657,3
51394,103757,3
51523,144946,5
51585,270685,2
51606,359323,5
51607,251302,2
51664,297929,2
51723,475679,1
51788,87176,8
51790,31910,4
51986,232918,13
52055,349867,2
52117,326786,3
52239,407442,1
52312,275330,3
52588,113658,4
52626,105919,3
52628,342759,5
52656,13545,3
52699,76215,5
52711,269524,6
52779,342723,22
52782,84418,7
52825,442883,6
52841,347627,1
52874,517565,12
52885,285566,2
53077,244175,3
53155,285613,4
53156,91517,2
53158,197871,3
53159,194278,3
53162,49248,5
53181,248472,4
53184,265045,2
53195,80079,8
53264,379355,5
53395,149847,4
53657,290578,9
53687,258665,1
53789,147780,4
53927,192440,7
53984,445220,3
53986,230925,3
53988,265626,8
54281,284324,4
54284,263303,3
54318,218924,5
54363,296893,6
54373,264087,5
54403,340028,7
54418,135026,3
54419,231399,4
54429,362242,4
54430,234517,11
54431,241759,4
54437,247042,1
54440,147397,3
54462,60281,9
54502,361961,5
54567,25578,3
54590,12058,4
54593,285941,3
54648,288431,2
54713,238072,2
54849,396736,2
54913,397220,2
54966,379059,3
54975,316544,2
55042,367506,5
55051,314820,6
55072,229839,5
55094,316617,4
55095,237130,2
55111,527694,2
55153,102621,2
55232,204070,2
55233,503967,4
55234,15757,4
55262,322992,3
55263,322924,3
55264,317119,4
55275,258307,3
55277,59691,4
55283,322466,2
55289,210450,5
55292,469334,2
55296,249188,2
55328,144966,2
55400,64915,6
55412,188985,4
55417,208513,3
55710,297873,1
55750,57385,3
55774,31928,5
55811,120546,5
55812,373409,7
55814,246964,2
55837,374521,5
55888,253455,1
55972,260905,6
55996,8818,2
56016,154181,6
56096,228520,1
56097,171058,3
56176,279359,2
56226,322157,3
56253,262944,1
56257,296527,1
56285,16086,2
56289,280878,3
56293,167609,3
56331,279346,1
56335,84941,8
56347,163967,5
56359,243500,4
56410,338804,4
56427,265896,4
56430,43218,9
56454,88023,4
56461,336945,4
56464,301030,4
56465,74124,5
56466,231135,3
56630,203873,2
56918,279922,5
56924,340753,4
56943,313491,2
56944,340839,4
57233,21783,2
57344,296653,1
57349,261770,3
57366,219440,5
57478,450682,3
57479,40509,3
57480,179684,6
57487,95155,2
57516,325174,3
57562,149132,4
57575,314099,2
57585,256885,3
57611,270393,1
57612,267788,1
57637,60552,3
57644,64184,2
57684,445552,1
57826,403656,23
57827,193594,3
57828,244297,9
57829,293073,6
58758,234915,2
58767,279303,2
58770,304496,2
58771,392133,6
58772,451461,4
58773,286262,10
58774,353632,2
58775,91804,5
58776,347739,3
58777,67970,3
58778,271812,7
58779,44087,2
58780,151117,3
58781,92502,3
58782,96210,3
58783,323924,5
58784,312330,4
58785,57868,2
58786,127556,3
58787,227753,5
58788,242073,4
58790,372780,2
58961,375535,4
59320,246557,4
59343,206655,2
59595,208461,3
59601,176311,4
59620,175226,9
60087,219755,5
60174,335967,1
60190,99410,7
60204,424879,6
60205,203153,5
60297,284323,3
60375,298254,2
60388,65298,4
60456,208137,6
60474,55091,3
60477,51849,6
60484,342791,10
60485,263453,5
60538,222053,2
60553,470715,3
60575,325923,2
60594,306763,1
60615,103136,12
60616,181412,12
60629,433625,4
60630,49227,6
60631,49228,6
60633,192108,3
60634,406460,8
60636,362836,7
60645,250284,4
60646,143752,5
60734,377966,2
60817,457711,5
60837,468871,5
60840,263914,5
60969,365738,3
61022,264641,3
61035,48626,2
61052,269536,3
61088,432143,3
61092,212139,9
61132,200511,12
61155,257239,5
61186,255837,4
61189,323174,3
61190,277040,5
61850,258159,4
61894,281075,5
61933,345014,3
62133,184627,2
62137,5281,1
62139,208159,4
62149,437324,5
62150,249470,7
62158,51184,1
62180,57886,5
62452,65404,4
62780,179610,4
62806,107273,16
62928,270542,2
62970,75921,14
62971,77790,6
63207,298655,1
63266,296066,12
63296,370256,2
63307,303800,4
63354,338833,7
63697,228890,8
63744,298773,3
63800,244811,3
63910,39159,1
64097,279301,2
64165,103528,3
64189,262566,6
64206,137027,8
64207,99105,7
64220,223691,1
64235,474510,3
64256,244731,6
64259,182648,3
64319,503641,3
64521,369982,2
66947,310386,2
66957,325381,3
67395,471404,9
67412,503878,3
67413,503965,3
67591,391727,3
67619,8826,5
67620,256887,3
67650,367978,3
67679,281936,3
67682,373746,5
67683,173255,3
67689,96393,4
67723,57841,3
67753,106894,3
67856,238818,6
67862,482125,8
67871,3507,1
67896,424919,4
67912,329026,9
67919,485111,14
67924,322197,5
68048,389475,7
68104,474837,4
68105,277606,2
68117,503431,5
68212,284986,1
68216,261541,2
68217,209719,3
69029,427790,3
69071,219809,3
69121,240394,3
69184,65864,6
69221,114420,4
69236,260064,2
69252,166284,3
69301,421779,4
69302,8832,2
69447,18458,4
69457,422820,3
69670,390722,2
69673,306179,3
69768,183661,2
69797,92704,6
69944,56732,3
69975,380797,4
70006,455496,3
70007,173116,6
70015,391598,5
70049,183660,3
70068,163439,3
70087,185231,2
70104,325530,2
70181,15536,2
70235,180217,7
70285,146719,7
70369,260642,1
70486,338808,5
70494,326304,2
71299,172079,5
71387,175149,3
71405,299554,2
71411,104016,5
71414,112156,8
71471,293984,4
71717,265178,7
71815,191976,5
71822,154685,3
71842,422488,2
71845,429558,4
71878,25891,2
71910,193845,3
72321,485836,5
72414,327132,2
72418,321972,4
72423,422490,3
72424,213193,3
72425,8730,2
72427,101275,3
72428,447505,2
72441,188391,2
72444,445921,5
72446,198053,10
72449,271569,3
72462,259484,4
72502,245071,3
72573,344704,5
72598,139939,5
72608,321488,4
72621,259226,2
72638,411463,4
72690,504734,1
72791,222567,1
72809,346565,3
72897,313824,3
72913,315159,8
73119,425638,2
73204,161567,2
73250,19437,9
73336,17104,4
73379,234344,6
73404,100966,2
73415,106992,3
73428,251855,3
73436,41011,5
73459,223669,2
73463,199775,3
73466,314717,3
73467,382135,5
73469,397503,5
73472,34207,2
73476,96247,3
73501,114029,1
73699,305595,3
73706,179982,10
73758,244860,12
73768,131925,10
73781,377965,2
73786,308774,3
73847,203848,6
73906,307507,2
73948,457293,4
74031,173759,2
74040,425110,2
74170,297677,2
74394,487069,13
74511,55087,4
74518,297608,3
74561,476715,4
75883,269863,4
77077,91077,9
77228,79958,5
77362,394825,3
77537,344031,3
77631,395586,6
77888,29444,4
77916,263386,5
78063,394135,16
78132,404705,5
78819,251804,3
78823,138560,1
79016,198711,3
79288,83030,5
79338,147700,4
79922,291778,2
79932,8870,2
79935,202112,13
79941,297718,3
79942,131259,4
80002,501733,9
80010,384168,6
80013,335609,4
80015,299938,5
80020,297614,3
80125,333025,2
80126,288320,1
80130,184235,2
80131,217537,1
80154,364159,2
80298,34765,2
80299,34644,2
80307,217397,3
80308,249519,2
80310,335515,1
80371,455021,11
80374,372956,3
80383,261313,3
80401,226101,12
80408,372846,3
80417,176337,4
80424,127323,8
80429,291394,10
80432,127354,3
80443,147236,9
80447,373146,7
80503,504575,3
80636,266056,2
80670,303714,2
80693,265566,10
80772,245505,20
80809,170918,4
80857,314534,5
80880,183440,1
80919,239018,10
80973,163969,2
80977,240117,3
81008,154179,3
81010,339046,3
81023,189565,4
81102,275191,4
81140,511930,8
81255,203707,5
81298,259957,2
81364,258871,2
81410,158205,7
81442,68913,3
81445,115912,4
81531,107050,3
81583,234432,4
81626,209963,3
81687,28934,6
81780,102005,9
81794,224746,2
81796,319098,5
81873,14688,4
82154,184197,6
82159,447852,3
82170,299299,4
82174,45773,1
82536,459050,2
82685,285503,1
82942,290479,3
82952,153867,4
82978,480228,3
83147,302321,4
83699,255238,3
83701,16066,2
83774,517566,8
83808,455371,4
83976,320675,3
84047,376776,2
84048,376026,2
84049,426700,4
84145,46099,1
84172,222615,8
84222,273863,3
84223,143443,5
84229,458315,13
84277,480711,2
84305,58730,2
84521,4491,6
84637,307480,4
84641,70300,3
84687,255285,4
84689,81170,6
84691,254951,4
84695,265901,3
84696,87530,3
84767,214508,6
84825,168476,5
84952,67969,2
84973,430842,2
84974,437354,5
85023,280521,2
85063,199001,4
85378,369727,2
85419,41914,3
85420,56416,2
85422,375631,4
85596,270811,2
85600,255838,8
85653,244915,10
85790,173252,8
85835,240595,31
85836,232785,3
85837,242211,2
85845,210601,3
85863,422359,2
85866,456954,2
85869,339388,3
85870,361334,2
86013,98221,3
86017,379784,9
86029,98222,6
86047,233174,3
86048,8532,10
86132,310384,3
86141,373810,3
86173,374334,2
86174,483258,2
86175,223418,6
86199,237967,3
86222,190689,1
86272,245562,3
86275,260303,2
86277,176544,6
86293,56179,3
86297,260323,5
86384,492644,3
86414,255325,4
86547,77035,4
86863,480105,4
87021,53334,3
87023,231487,1
87168,367488,2
87184,365444,4
87279,231517,6
87292,459817,5
87322,433959,7
87431,178094,5
88072,210607,7
88120,289578,3
88121,220178,2
88141,103827,3
88200,276995,2
88215,217133,5
88220,246546,3
88228,198620,4
88229,228697,13
88248,322119,3
88253,346814,5
88264,236027,3
88286,83416,2
88289,143272,2
88299,433552,9
88300,95879,3
88302,127586,4
88304,257512,5
88306,17122,3
88316,479103,4
88317,298931,3
88332,294528,3
88351,125256,4
88361,405174,5
88388,55384,2
88390,94495,3
88398,140632,2
88412,247034,15
88424,93124,5
88425,369550,3
88426,343103,5
88428,234474,4
88430,359371,5
88431,68551,7
88433,283998,4
88434,58559,3
88435,300553,5
88436,175736,3
88437,93338,3
88442,315294,3
88443,179477,3
88444,374204,11
88445,218913,3
88452,161086,6
88461,60352,2
88464,55094,5
88467,179682,3
88468,56184,4
88489,143269,1
88505,90058,3
88508,279526,2
88512,290710,1
88518,298473,3
88530,317066,3
88536,313104,4
88538,383091,6
88539,186904,6
88542,298765,1
88547,65761,5
88549,38932,1
88550,312318,17
88551,185484,11
88552,223966,10
88554,326236,11
88556,310497,4
88748,264088,2
88797,273893,2
88822,172896,14
88824,353397,4
88913,369105,1
88918,341979,6
88954,276089,5
88972,514388,5
88993,183429,3
89120,370843,6
89121,49318,4
89132,25484,3
89233,307764,2
89343,248864,4
89347,259632,4
89472,265900,2
89473,117595,3
89477,104082,11
89478,326800,4
89483,174311,4
89515,290614,5
89535,258297,1
89536,330843,2
89564,344165,1
89573,183801,1
89589,298246,3
89615,260031,1
89685,70955,10
90538,131928,5
90949,16350,2
90991,26010,4
91080,367697,2
91085,16337,5
91103,491628,2
91140,186236,2
91181,34923,9
91184,34731,6
91258,216384,6
91273,390984,3
91318,34268,9
91564,222589,2
91630,258081,2
91776,101117,3
91777,329646,1
91778,61623,1
91787,8882,1
91788,148701,6
91789,330100,3
91790,212791,7
91791,15495,2
91792,133559,7
91793,197156,20
91794,455490,7
91795,15611,4
91796,330149,4
91797,535229,18
91834,270005,2
91836,255933,8
91844,284327,3
91894,424134,3
91896,377992,2
91899,261332,2
91903,280848,3
92033,189490,5
92059,232376,6
92062,504731,10
92068,508443,3
92071,129992,9
92115,189491,5
92187,14430,2
92219,242235,5
92289,237478,8
92384,15892,4
92386,200439,10
92602,319729,7
92610,327267,2
92614,60451,4
92616,274909,3
92623,350019,3
92629,255277,4
92638,364035,4
92929,271030,7
92933,235172,2
92961,35232,3
92962,151058,8
93511,413506,5
93519,250282,3
93521,271492,4
93661,457033,2
93672,237878,3
93675,220265,5
93679,219828,2
93683,189124,2
93685,220267,3
93686,338895,3
93688,389300,1
93689,219732,4
93691,168631,3
93694,164149,2
93696,189135,1
93697,158084,2
93740,269982,4
93775,207386,2
93833,111930,3
93859,279095,2
93893,289770,3
94000,298476,1
94071,224916,4
94320,238973,5
94343,279468,4
94709,48777,4
94718,470862,16
94829,372782,3
94831,365144,2
94838,235017,2
94839,364106,3
94840,58301,14
94853,373358,5
94870,61867,3
95779,245988,6
95788,343226,1
95805,433278,10
95843,43942,7
95859,144298,2
95864,315406,4
95878,451498,4
95886,473078,6
95887,381897,4
95889,218825,4
95895,101022,3
95897,432456,11
95903,301584,1
95914,473533,4
95926,457394,2
95927,55088,3
95928,128993,3
95944,53772,4
96138,40846,1
96155,304851,3
96339,423963,3
96366,304681,2
96367,306178,2
96541,14225,2
96551,171496,1
96570,429288,2
96675,304651,2
96761,171692,2
96891,171497,1
97035,61857,10
97040,219927,3
97041,118563,16
97042,114396,3
97436,115415,4
97442,213066,5
97623,46107,1
97624,254932,2
97635,139306,3
97644,180755,4
97647,267544,3
97691,251809,3
97706,116132,4
97707,468988,2
97726,40675,5
97728,260188,4
97899,247903,5
97901,377995,3
97920,313946,4
97935,64464,12
97936,367563,7
98057,329694,9
98058,129960,7
98070,104738,2
98071,184751,6
100316,262974,4
100345,171706,3
100347,346397,2
100349,265452,2
100575,140590,4
100593,325012,4
100725,171863,6
100746,363614,9
100762,74104,2
100768,291958,2
100770,166675,7
100778,202105,13
100940,199303,3
100961,291136,3
100965,364055,1
101062,272674,3
101094,89275,7
101131,176609,3
101225,360543,5
101253,252597,4
101281,407280,15
102196,429559,2
102200,275604,1
102206,457812,1
102253,260608,1
102258,341122,3
102293,299887,3
102296,425218,1
102297,15894,4
102310,351098,3
102321,41303,7
102323,199299,3
102398,303739,3
102417,443197,23
102431,57476,2
102494,280581,2
102551,8867,3
102663,373775,3
102679,369284,5
102682,334095,2
102683,504664,2
102684,335566,1
102685,98203,3
102686,447488,2
102755,242901,2
102798,254185,5
102841,459235,1
102858,455118,2
102861,34064,9
102901,291718,3
102917,286056,2
102943,298644,1
102945,386347,6
103054,46288,14
103057,189601,1
104347,444837,4
104355,245510,5
104526,317096,3
104653,133650,2
104654,232119,3
104660,209243,3
104661,327485,2
104977,130111,12
105525,373624,7
105536,188159,3
105541,370537,7
105542,417846,4
105694,117483,2
105709,334482,2
105731,214098,16
105944,262409,3
105948,202648,2
105949,330156,3
106001,268954,5
106010,44309,9
106013,345886,4
106054,452032,3
106083,96868,5
106106,51265,3
106136,329960,4
106143,335828,5
106202,277137,2
106290,220650,4
106304,235381,3
106317,236257,6
106318,445432,3
106482,382908,2
106493,183432,10
106515,65257,8
106549,172384,4
106563,291571,12
106589,191348,10
106648,12325,3
106649,30974,11
106656,71980,6
106668,401460,14
106831,197977,9
106916,450588,2
106929,118600,16
107365,436795,7
107463,141333,3
107784,56127,4
107980,128717,8
108174,143265,2
108175,30702,2
108180,189704,6
108228,253723,3
108243,320265,3
108246,427269,4
108247,298294,4
108249,122990,5
108250,456273,3
108252,310583,15
108282,334096,1
108284,50807,2
108334,322972,3
108439,213531,5
108445,221629,3
108583,152984,10
108584,200697,5
108586,329172,3
108592,242025,4
108630,299785,3
108657,180199,3
108669,77800,6
108672,458189,4
108673,347355,13
108674,320794,14
108680,108567,5
108683,78833,5
108685,148864,9
108690,469723,4
108691,74070,3
108696,186380,7
108788,82221,7
108794,278918,2
108799,271115,3
108807,76304,8
108818,186204,3
108831,99123,6
109084,188628,6
109096,46186,1
109098,211253,6
109159,171287,5
109179,294579,3
109180,347777,4
109183,154456,9
109262,424865,2
109270,85012,5
109307,431784,8
109334,46545,8
109340,310719,3
109365,334957,9
109407,485536,3
109428,55093,4
109429,162235,3
109432,13642,9
109436,351232,2
109439,272914,5
109463,51784,8
109503,291782,3
109522,238942,2
109650,327109,3
109651,272670,3
109652,278048,2
109653,278049,2
109654,453390,6
109655,349647,2
109656,382875,2
109657,276593,1
109673,221546,2
109690,39116,1
109753,488561,7
109789,368121,4
110045,433796,4
110050,433215,4
110102,86655,5
110104,495408,1
110106,27887,2
110109,135741,2
110155,330870,6
110156,278036,2
110205,179385,6
110207,161976,4
110212,32818,2
110217,261355,2
110235,280793,2
110236,348817,2
110266,95511,4
110275,331271,18
110305,320563,4
110322,273102,2
110323,264072,2
110324,19089,4
110356,213481,4
110362,386109,3
110430,319982,3
110444,401913,4
110457,96572,2
110484,139587,8
110492,154194,3
110509,171835,4
110516,216028,3
110527,172463,15
110563,152662,6
110616,199314,4
110617,253667,5
110897,451071,3
111156,263987,10
111439,172527,6
111653,72956,2
111654,364344,3
111655,379437,1
111656,258839,2
111770,45629,4
111783,407705,8
111795,77324,3
111800,351516,1
111827,31085,10
111834,293079,8
111843,83498,3
111844,215522,3
111849,216594,3
111850,56220,3
111866,379855,3
111876,215721,4
111877,290151,3
111887,362953,6
111888,215699,2
111892,15895,2
111905,213191,3
111928,215870,2
111930,217400,3
111931,290445,2
111963,378218,2
111968,85641,6
111973,330864,4
111982,469158,1
112011,341159,2
112042,467697,4
112044,263764,3
112046,231301,2
112050,461521,2
112065,335437,2
112067,40725,6
112071,151626,3
112072,309526,1
112077,534270,18
112083,30060,2
112085,28715,1
112093,166948,2
112094,95138,3
112120,227126,2
112132,271411,3
112134,342031,7
112222,170960,1
112233,374444,2
112411,270330,6
112515,306110,2
112516,457081,2
113120,171865,3
113150,248089,3
113184,264935,1
113291,456995,3
113292,171867,2
113380,318574,1
113538,345806,2
113556,485159,1
113562,313090,2
113563,328129,3
113570,294526,1
113653,334100,2
113656,254398,3
113658,121884,3
113663,258560,3
113667,257442,4
113679,493717,3
113697,114227,12
113911,475250,3
113933,199311,4
113981,185477,2
113986,58010,2
113987,232772,4
113990,507750,3
113997,239442,3
114014,34928,2
114015,66502,2
114032,44545,4
114036,232823,1
114038,280636,4
114042,87701,2
114045,105801,7
114058,284442,3
114099,373221,4
114120,156004,4
114123,43624,3
114182,135636,2
114198,422544,1
114348,97693,9
114485,243106,4
114550,522939,8
114600,177955,7
114644,387932,3
114682,215444,4
114762,424708,5
114818,294532,6
114860,29557,5
114872,284306,4
114909,250765,3
114925,482425,4
114950,173245,8
115055,432065,5
115060,33207,4
115061,387614,11
115221,412102,5
115281,268413,6
115366,63677,3
115511,248635,2
115539,442176,4
115540,218396,3
115542,368228,4
115694,340955,6
115729,61625,1
115895,258874,1
115897,269392,2
115898,428490,2
115906,429202,2
115909,149508,5
115914,455558,1
115919,128186,5
115927,440645,7
115973,179495,2
115980,252232,5
116004,91495,3
116053,282958,13
116098,214824,4
116140,200469,5
116141,280036,4
116142,402474,3
116143,403067,2
116145,402489,6
116147,403126,2
116148,238867,3
116150,239812,4
116151,238865,3
116169,99646,2
116171,272463,4
116175,312423,8
116193,319670,1
116196,256241,9
116201,239876,4
116206,227166,2
116207,438853,3
116208,227101,1
116210,372901,3
116220,270645,2
116224,54583,3
116225,134796,2
116229,223648,2
116231,346308,4
116232,358496,4
116236,70644,1
116241,88604,2
116251,402958,2
116252,94620,3
116258,170910,4
116259,78921,3
116261,293261,4
116282,532734,2
116401,30342,1
116403,451462,6
116404,382797,3
116423,8875,1
116627,207294,3
116636,176535,3
116719,233732,5
116738,223750,3
116741,457809,2
116985,32766,8
117037,216941,4
117038,330091,4
117063,119735,2
117167,320615,2
117181,309268,5
117184,65931,4
117186,303717,2
117333,256623,11
117400,335992,4
117427,14103,9
117488,168412,5
117676,180470,3
117677,342344,10
117689,86452,2
117705,294828,3
117706,133363,1
117726,483973,2
117778,321345,4
117823,103322,4
117828,367596,3
117829,427237,1
117858,349760,2
117863,389811,2
117869,129524,3
117870,143278,2
117871,46821,2
117886,203716,4
117898,15438,3
118335,161971,3
118349,396515,7
118354,125458,4
118358,370431,3
118362,68882,4
118372,215229,2
118374,215640,6
118375,140035,5
118376,164049,3
118405,263116,4
118407,371056,5
118412,470687,3
118459,194977,5
118463,29609,5
118492,393061,6
118545,306127,10
118556,271827,7
118601,436863,2
118970,250770,4
118977,456275,7
118978,190152,6
119031,210587,11
119065,250766,3
119066,392800,3
119114,253289,3
119128,283458,4
119143,459189,2
119194,328189,4
119220,322079,4
119222,469617,1
119224,243102,3
119232,284564,2
119245,320802,1
119258,423593,3
119592,273105,6
119684,28881,4
119688,240125,2
119692,503897,3
119799,93986,2
119823,359366,3
119832,288055,1
119841,64596,2
119929,166058,5
119932,432704,9
119948,384077,3
119957,385819,3
119979,367483,9
119983,252915,9
119984,162826,9
119998,385609,5
120365,270295,3
120385,372934,1
120426,475007,5
120549,309585,3
120853,290115,1
120953,304911,12
121008,92073,3
121014,332256,4
121037,246275,5
121080,483325,2
121212,340431,4
121217,31591,3
121358,280616,5
121432,212118,6
121506,128927,5
121508,116298,5
121559,94863,12
121561,112330,3
121562,383915,2
121564,54448,4
121565,88364,4
121568,303738,1
121569,320671,5
121582,59742,4
121584,13346,6
121596,258325,2
121664,309664,5
121881,163325,4
122300,361989,12
122394,172972,4
122412,312388,4
122420,471040,9
122625,301853,8
122736,68906,10
122741,308796,7
122744,327490,6
122769,484107,5
122796,328621,11
122799,311311,3
122807,87613,11
122820,379363,3
122832,527696,14
122847,318512,1
123331,265877,4
123481,279304,2
123482,383823,1
123488,216589,4
123490,110030,3
123993,93339,3
124025,383146,4
124101,254488,2
124190,423603,3
124222,46190,1
124223,319393,4
124276,256233,4
124322,199925,15
124336,473508,3
124342,328490,6
124343,209839,2
124344,34848,4
124346,252154,2
124347,369597,4
124348,318576,5
124350,528393,8
124351,93851,17
124352,167289,9
124353,13264,11
124359,321090,2
124361,121433,10
124364,300047,14
124366,111361,6
124371,301042,3
124373,322606,2
124375,318516,2
124382,318482,2
124419,188313,2
124859,176774,7
124864,268875,1
124872,279078,1
124874,262717,4
124875,247895,2
124878,173249,13
124974,123552,3
124992,119111,2
125033,308061,2
125036,347157,2
125065,474285,4
125093,228449,3
125132,485413,4
125223,218796,6
125228,80106,6
125411,193230,6
125445,429561,2
125447,429562,2
125468,305667,4
125469,450575,3
125474,320256,5
125475,176776,2
125476,423038,4
125477,346770,3
125478,15813,6
125479,312347,5
125480,40131,5
125481,33145,4
125487,250009,3
125577,72866,14
125644,310390,2
125716,156852,3
125721,233696,3
125746,356089,2
125749,306653,2
125760,323108,1
125766,261289,3
125794,159845,9
126069,119670,5
126075,195685,5
126224,92570,1
127445,163247,3
127457,57684,3
127576,349952,5
127637,150729,4
127638,81161,9
127645,403280,3
127646,150111,2
127655,244201,5
127659,455088,3
127663,100344,3
127664,218933,4
127666,164236,5
127668,148504,6
127669,270810,2
127816,229898,4
127939,33907,2
128176,164259,2
128246,329635,1
128258,185518,3
128314,393558,3
128341,253661,3
128458,469798,4
128484,325916,4
128507,285084,5
128526,54910,2
128531,457699,2
128535,258617,4
128570,8874,2
128572,94338,5
128722,205834,3
128866,202914,3
128901,424294,5
128905,304652,4
128906,275351,2
128907,304839,1
128908,248606,2
128909,293757,3
128912,258994,1
128913,227926,4
128915,251222,2
128916,295920,3
128917,326404,1
128918,219375,1
128921,114158,6
128922,248610,3
128923,404877,5
128986,421149,3
129249,139129,3
129274,472931,4
129277,379824,4
129368,375148,3
129389,315651,3
129447,373691,4
129455,315839,4
129506,86969,2
129508,379915,4
129509,108276,2
129529,289786,5
129532,413544,2
129546,303968,6
129561,379883,6
129599,350792,4
129603,343105,1
129606,479707,5
129610,54360,6
129613,162785,5
129619,459378,1
129655,377954,3
129665,62607,3
129673,517500,2
129677,172000,6
129678,93874,4
129688,312860,4
129716,167218,5
129729,368115,4
129759,31838,3
129761,281053,3
129762,8877,2
129805,133187,3
129808,459762,6
130073,335249,4
130521,282166,3
130522,282170,4
130553,8863,2
130555,166758,3
130556,225979,6
130571,430906,6
130580,433261,10
130581,169872,6
130583,331950,6
130585,460133,5
130587,438767,4
130593,164468,5
130614,99141,4
130618,217358,4
130622,245309,2
130662,283393,4
131150,231026,1
131196,504710,8
131218,186261,6
131500,373228,5
131518,236433,11
131525,162940,23
131528,238626,2
131530,290979,6
131532,116784,5
131539,223066,3
131741,533130,3
132011,280085,2
132042,117624,4
132079,100567,9
132119,179351,7
132124,373262,5
132299,429563,1
132385,336616,11
133050,272286,3
133229,123820,2
133408,323124,1
133409,68617,4
133413,368891,7
133430,277390,3
133431,230770,5
133439,68853,2
133443,292292,1
133450,225983,4
133452,57820,5
133463,347477,3
133475,263988,2
133478,227220,6
133480,182337,7
133635,383011,3
133660,147332,3
133742,75885,4
133750,145220,3
133752,203157,6
133766,93756,2
133785,153549,3
133800,66503,4
133955,46490,4
134196,209715,3
134277,401923,2
134362,464681,5
134368,290061,3
134408,31916,4
134432,339035,2
134441,448800,5
134741,484387,2
134877,335570,1
134882,170966,4
134897,347238,7
134921,232903,3
134923,231262,7
134930,89967,1
134931,157973,8
134959,30428,7
134962,247721,3
135432,46097,1
135435,254923,3
135438,175181,3
135440,275202,1
135443,202941,2
135444,297740,3
135445,300680,1
135446,277495,2
135447,410606,3
135448,204913,3
135449,425199,1
135450,228817,1
135452,383824,2
135453,56213,1
135454,178156,5
135455,193601,4
135456,373158,5
135457,56210,1
135458,204915,3
135460,225551,5
135461,243093,3
135462,93873,2
135463,68619,1
135466,226456,3
135542,266559,3
135544,267554,3
135545,267604,3
135547,266501,3
135566,267726,3
135615,95625,8
135658,471542,5
135730,275547,8
135742,286474,3
135746,93704,4
135753,161807,4
135807,151064,2
135894,130980,3
135900,175435,6
135901,30029,4
135902,104271,11
135904,269767,5
135969,133347,6
135970,269801,3
136505,269280,3
136529,457814,4
136565,185827,7
136566,128779,12
136570,527299,8
136571,167807,3
136573,454839,5
136577,249706,3
136654,66952,7
136655,254567,8
136681,320846,3
136682,179483,2
136746,222991,3
136852,431662,4
136869,311481,5
136905,196804,2
136906,342922,3
136908,181212,3
137176,181133,3
137193,286525,2
137242,427192,2
137267,176733,6
137346,320500,2
137361,276098,7
137368,173488,3
137404,12011,4
137472,55163,2
137473,58373,8
137495,48814,3
137511,47526,2
137721,369847,11
137722,269483,6
137723,49310,5
137728,236489,1
137731,66755,6
137732,166112,5
137736,60510,4
137739,93741,4
137740,166111,8
137741,325918,3
137744,118260,15
137745,302109,9
137749,289591,7
137913,226606,5
138002,355329,4
138423,356449,4
138727,245626,6
138818,429565,3
138865,43622,1
138866,403742,3
138884,456021,3
138920,252358,4
138923,497110,5
138924,475261,4
138983,173889,4
138994,323343,3
139010,424478,2
139044,322623,1
139658,377198,4
139668,396000,1
139670,269750,2
139672,306714,1
139739,32827,3
139800,305014,2
139806,348823,1
139876,31693,5
139996,355051,2
140006,113625,5
140027,277266,1
140239,133939,5
140245,213147,3
140249,67680,2
140264,480484,10
140270,94459,3
140271,28381,3
140274,310711,4
140276,486468,4
140277,119694,3
140388,321182,5
140398,76366,6
140407,321173,3
140472,450984,5
141417,454533,1
141481,94951,6
141502,328924,26
141514,246035,1
141628,237334,6
141945,53706,2
142059,13377,9
142316,245508,6
142317,118368,4
142380,347629,4
142381,346566,5
142537,163847,3
142619,370585,6
142800,268952,3
142809,123907,1
142813,8871,5
142831,60212,6
142841,91309,4
142905,406217,3
142907,184329,3
142992,258615,3
142993,149649,2
143061,319227,4
143073,88307,1
143127,270687,3
143234,68026,4
143237,116195,3
143305,95665,4
143395,259779,3
143535,169027,8
143536,169028,9
143731,170783,8
143828,397123,3
143913,252237,4
143915,49265,5
143946,175183,4
144001,266779,4
144384,232824,1
144411,29570,3
144736,237738,3
144738,251226,4
144762,364400,4
144763,274548,2
144766,198616,2
144770,49307,5
144771,137568,6
144777,82524,1
144778,82525,1
144789,182862,4
144795,163174,8
144798,216808,6
144799,279801,3
144800,370788,3
144953,293334,3
144986,260237,2
145113,329032,4
145242,32470,3
145439,425482,3
145442,278487,4
145530,286478,2
145531,138725,3
145533,146213,3
145660,133701,1
145664,15616,3
145666,258407,2
145692,185480,3
145696,213529,3
145721,323109,3
145752,257005,3
145753,322532,2
145793,275011,2
145795,184346,3
145797,186129,2
145803,332766,3
145808,189602,1
145911,215314,8
146178,190430,3
146184,219705,8
146505,259451,3
146514,366874,2
146515,320268,3
146571,149514,3
146662,327296,3
146752,322233,2
146761,268717,2
146762,185579,6
146866,326374,3
147062,414739,7
147242,48276,2
147268,77793,9
147495,374168,4
147517,394070,7
147528,320399,3
147529,374208,2
147643,485657,2
147809,148635,2
147813,219520,2
147814,212298,6
147835,32826,1
148376,291518,6
148511,167884,3
148513,146320,2
148648,252143,7
148673,250667,6
148679,302918,6
148690,272300,2
148694,277994,3
148709,229172,4
148748,63241,5
148806,42432,2
148833,143563,16
148836,373197,3
148840,271490,4
148851,469232,7
148874,286330,2
148881,227345,5
148910,348292,3
148959,105939,3
149084,164333,2
149109,507757,2
149124,144918,9
149129,72203,9
149140,347329,1
149146,166537,8
149171,250286,4
149174,236490,2
149289,171342,6
149359,223824,2
149376,132593,2
149390,307319,8
149410,241637,2
149419,332250,4
149453,270483,3
149480,244564,8
149481,211539,8
149496,55993,4
149553,59542,4
149565,59068,6
149617,48342,6
149745,94154,7
149752,252450,8
149947,326108,4
149948,161973,2
149952,166333,14
149985,221876,2
150185,149749,6
150201,253664,3
150214,263566,4
150463,255816,5
150533,55903,4
150598,424148,3
150599,169948,3
151434,157691,3
151435,221203,5
151510,253512,2
151529,217999,3
151530,235174,2
151560,324862,1
151564,253070,3
151566,478262,4
151606,115197,5
151616,527487,8
151687,97920,2
151694,35031,2
151696,149843,3
151767,278897,2
151770,306880,2
151786,450348,4
151787,420792,5
151817,348151,3
151818,349759,4
151819,347992,4
151820,286679,4
151821,286998,1
151878,264639,6
152194,93606,2
152270,43197,1
152460,70831,7
152497,373199,3
152687,371307,2
152694,377167,4
152704,227085,4
152724,222628,2
152727,282738,4
153319,289640,4
153419,373046,3
153421,421227,4
153422,455532,3
153423,325280,3
153427,372141,4
153428,66869,3
153436,40676,6
153437,25693,3
153439,388193,3
154490,252241,4
154504,430397,2
154505,430398,4
154567,189722,7
154713,271549,5
154741,318759,3
154821,173555,5
154950,92004,14
154962,230643,3
154996,214825,8
154998,369931,4
155019,299412,5
155028,56773,9
155044,98912,9
155049,322880,10
155079,324288,3
155107,179958,5
155128,329204,4
155148,280680,4
155149,104180,3
155174,93870,3
155176,58750,1
155183,250196,4
155185,353065,4
155206,147143,5
155230,501171,7
155243,164177,4
155244,513093,6
155254,45675,1
155283,56272,4
155286,456884,2
155295,271316,3
155299,42670,5
155307,271854,4
155321,369079,1
155329,221194,4
155340,58594,4
155368,305520,7
155373,258580,8
155423,134484,4
155433,15379,8
155446,291601,3
155448,391956,2
155449,244578,5
155471,384779,3
155493,228816,1
155496,135442,6
155520,69142,8
155530,18215,2
155535,58945,2
155540,136422,3
155980,220304,2
156414,328104,2
156546,337005,3
156575,260293,3
156586,254487,2
156596,441070,3
156608,260505,7
156614,320377,3
156665,350062,6
156691,352953,3
156731,167578,2
156757,249513,1
156791,213616,4
157252,178445,3
157594,312178,2
157596,250778,2
157910,77795,5
157911,262900,6
157916,184200,2
157939,107249,7
157955,61912,6
157961,56516,7
157962,146259,2
157963,144941,6
157965,291493,6
158354,100269,5
158368,178148,4
158395,231854,2
158595,134186,3
158749,243479,3
159021,294524,1
159049,288082,3
159074,62157,6
159216,27199,2
159218,237736,3
159436,277777,18
159581,293467,1
159587,247473,3
159714,343465,2
159776,425201,3
159778,123666,7
159780,59231,7
159782,116965,6
159789,245389,4
159807,128252,3
159809,455495,2
159813,7859,2
159816,307041,3
159817,347144,2
159840,128192,6
159841,234519,3
159856,237481,4
159858,322980,14
159870,480551,12
159946,37791,10
159982,303241,6
159984,93985,2
159995,172700,2
160022,432142,6
160063,366865,8
160068,244344,8
160130,505619,3
160155,281119,4
160172,329774,4
160176,304061,17
160186,330609,4
160226,370031,4
160236,418046,2
160245,35486,4
160250,192007,2
160253,292834,2
160256,60115,8
160260,250673,5
160299,27568,11
160303,412552,8
160387,48530,2
160397,284840,5
160416,269613,4
160445,462167,6
160446,270211,2
160458,82265,6
160462,216034,3
160467,314282,5
160478,178002,2
160479,239911,2
160508,72062,1
160528,387965,1
160565,422556,5
160577,343756,2
160598,363047,9
160615,157526,7
160616,90298,3
160617,328203,2
160627,345053,6
160638,52321,2
160640,196531,12
160641,422491,5
160642,379537,5
160647,262317,4
160649,94928,2
160650,108631,7
160651,465206,1
160657,128331,3
160658,391882,1
160663,442328,7
160667,63769,8
160668,384476,3
160670,305025,1
160672,342758,5
160674,8440,2
160683,239761,3
160691,164739,3
160697,378041,1
160701,322795,5
160704,320501,3
160705,250822,4
160707,272560,4
160712,354590,6
160716,143220,4
160717,180148,2
160718,344158,5
160719,429052,2
160723,248554,2
160736,59091,3
160743,465208,2
160745,359496,2
160746,465211,3
160752,242099,2
160753,61503,4
160756,465219,7
160757,305385,3
160761,271323,3
160764,422225,3
160765,54765,4
160766,317142,3
160768,223668,1
160772,308145,4
160777,391943,3
160778,367927,6
160780,177603,6
160785,393306,4
160791,327232,4
160924,359506,1
160932,197484,3
160947,308854,3
160974,245515,4
161120,40778,5
161511,80878,2
161523,230839,3
161549,18259,3
161551,327438,1
161556,371787,4
161557,94124,2
161658,72637,2
161673,425678,2
161674,272755,4
161693,365403,4
161854,33913,2
161855,79189,3
161857,338179,5
161859,200740,3
161862,265679,8
161863,511085,8
161868,161518,3
161871,214317,2
161885,106944,4
161886,334809,3
161969,535233,11
162015,164253,4
162258,202547,2
162259,287388,3
162260,195596,6
162265,122452,3
162272,202922,10
162274,285731,3
162280,343749,12
162283,294569,5
162290,269816,2
162292,471023,3
162293,346428,6
162298,406227,4
162300,301489,8
162301,83459,3
162302,330085,7
162303,367560,4
162304,440307,3
162305,269785,3
162307,263304,4
162316,194202,4
162323,353817,4
162324,106765,3
162325,319955,6
162326,454535,1
162327,148691,3
162329,166017,11
162348,332261,5
162375,237475,4
162381,353387,2
162402,338637,4
162404,353588,6
162407,253302,7
162435,236337,3
162436,457487,3
162437,390812,11
162603,68501,6
163938,465032,3
164225,94909,6
165374,75437,1
165380,244939,3
165414,169303,8
165553,57390,4
165637,221196,4
165754,349395,1
165899,258651,3
165907,228362,4
165978,104498,2
165980,420634,9
165981,52694,9
165982,322995,4
166081,329634,1
166096,342796,2
166097,340203,4
166098,340206,3
166099,340204,3
166192,255860,4
166193,226113,6
166400,246664,3
166416,166586,21
166418,345528,1
166423,268330,3
166434,300805,1
166442,373079,1
166446,246849,4
167126,462909,4
167127,197178,6
167272,449283,10
167276,134983,5
167279,513212,9
167492,251512,2
167688,3450,5
167689,456642,8
167728,481351,6
167759,379190,10
167772,189562,3
167774,483263,2
167775,178637,4
167777,172111,2
167782,353586,3
167795,228565,2
167796,480284,5
167797,457386,2
167803,251288,2
167811,375349,3
167812,317190,3
167813,291650,5
167816,334702,4
167818,458148,6
167889,277152,9
167923,130078,2
167930,383826,3
167932,105887,6
169021,230414,6
169059,289875,2
169605,348747,5
169806,282492,10
169888,122032,8
169911,91182,4
170060,91829,2
170191,11414,2
170267,107177,7
170359,16310,7
170417,493320,11
170646,358492,1
170654,423165,5
170695,223478,2
170699,178223,4
170714,131068,5
170771,311742,4
170780,322111,3
170798,93331,3
170802,237843,1
170830,237233,6
170863,338511,2
170904,183189,4
170916,268073,2
170969,94997,3
170970,177402,1
170989,365438,11
170997,390147,3
171001,357137,6
171006,129985,5
171015,248480,2
171022,433378,5
171079,368060,8
171083,365205,3
171148,65785,6
171196,321531,5
171298,315364,3
171308,151275,4
171448,103737,4
171490,74103,6
171501,227103,2
171502,270487,2
171503,240253,6
171504,166020,3
171516,482190,3
171518,321267,3
171536,174763,4
171607,227048,7
171668,457294,3
171826,58014,2
171830,214753,3
171948,180050,4
171991,179041,9
172030,244952,4
172039,382429,3
172043,517692,6
172047,320238,4
172048,281336,7
172144,425094,4
172180,73258,4
172197,219015,4
172223,480872,20
172342,175307,8
172345,18611,3
172349,276389,1
172351,122439,3
172473,34181,4
172510,277124,1
172536,242165,3
172574,176146,21
172579,335168,3
172637,224745,6
172697,118740,4
172750,227359,6
172755,35477,3
172782,66947,5
172788,219014,5
172791,228635,2
172803,36536,4
172807,320833,5
172910,199607,3
172914,229984,2
172965,115300,2
173024,60549,3
173025,355052,3
173035,81421,2
173036,81423,7
173144,235169,3
173149,250168,3
173159,171513,3
173323,373699,10
173347,329210,2
173358,13315,6
173379,175148,3
173380,380564,11
173381,504576,3
173867,76546,5
173975,61358,4
174096,311025,9
174337,157584,1
174490,54378,4
174493,182119,3
174546,335442,1
174572,255278,3
174579,432653,2
175336,241558,3
175779,291263,4
176302,213195,3
176496,72348,2
176654,350616,2
176934,423401,5
176953,357220,1
176954,357218,3
176978,329230,4
176979,90821,4
177048,370206,4
177062,430354,2
177087,307702,2
177112,88431,13
177118,255819,5
177249,217448,9
177259,421488,4
177404,467700,3
177448,254774,5
177450,381666,4
177458,147488,8
177459,517982,2
177483,118370,4
177639,369772,2
177644,235374,1
177647,135638,1
177659,330974,4
177666,23098,6
177709,320509,1
177712,69934,6
177718,219718,8
177719,286409,6
177720,416893,3
177722,357100,6
177725,34121,4
177726,194124,9
177748,254825,3
177749,149211,4
177781,72979,5
177782,251687,2
177797,288225,3
177807,468624,31
177808,367531,3
177811,493324,4
177814,99561,2
177816,147772,4
177821,202507,2
177832,321910,4
177835,114867,5
177845,504914,4
177846,374873,2
177854,310340,1
177855,362947,3
177856,231025,3
177858,273104,4
177869,355161,3
177890,287873,2
177899,356106,3
177937,306718,2
177971,151063,2
177992,318510,2
178007,246384,5
178015,266147,3
178022,352940,1
178032,441205,6
178164,127375,3
178178,480253,5
178193,382693,1
178221,511827,3
178343,359507,2
178346,80075,7
178391,32832,1
178529,173566,2
178544,302912,3
178546,457685,2
178547,172116,2
178554,246837,3
178555,358765,3
178556,246842,3
178558,246834,2
178563,246835,3
178564,284469,3
179548,316084,1
179688,379121,5
179691,104740,2
179692,269082,4
179695,511933,8
179753,313466,5
179782,304849,3
179800,496354,7
179822,251505,3
179830,199170,5
179871,43474,1
179897,409704,5
179907,373296,4
179946,321805,5
179959,155278,4
179966,504853,5
179967,58848,7
179973,55931,2
179975,71873,7
179976,65483,8
179977,236354,20
179978,509971,18
179984,222568,1
179991,271034,6
180086,402725,11
180090,198547,4
180097,328614,3
180101,319017,2
180104,462559,1
180126,313357,7
180142,327778,2
180236,419633,10
180279,401712,10
180336,318784,7
180360,392522,4
180372,275551,7
180386,188653,1
180417,292706,2
180573,132566,6
182247,270579,4
182252,157184,10
182659,270292,1
182660,111167,2
182661,225318,4
182679,355508,8
182746,342050,4
182770,347103,4
182771,190889,3
182782,57017,5
182832,424639,4
182852,68068,5
183012,246690,1
183025,292889,1
183026,60693,2
183027,184631,1
183030,385302,1
183037,280127,4
183130,412565,2
183131,349219,5
183132,423600,2
183137,146191,3
183639,15666,5
183673,114942,4
183810,173868,4
183902,228424,4
184011,284312,2
184327,252801,3
184333,13021,7
184334,245769,4
184335,277938,3
184336,379813,3
184337,206053,4
184338,34066,2
184339,96271,4
184362,204100,3
184411,29674,5
184472,147530,4
184481,377956,2
184488,113834,4
184489,217396,3
184499,424136,3
184524,113058,3
184573,324268,3
184575,457383,1
184590,224777,2
184683,286666,3
184969,428320,5
185001,8533,3
185002,147745,2
185186,15961,3
185212,481784,5
185213,482973,6
186299,305756,2
186351,8442,1
186354,346967,5
186355,379033,3
186375,469728,3
186378,228135,5
186385,378321,4
186398,262969,3
186418,255082,2
186562,346145,3
186627,421235,11
186767,315679,2
186937,437520,14
187081,160184,7
187211,362496,9
187285,322419,4
187353,120804,10
187544,122882,2
187562,262236,1
187641,264932,3
187680,338293,4
187723,231666,5
187754,116563,6
187791,328457,2
187860,218992,3
187870,196551,2
187872,312212,1
187977,80058,5
188249,310818,2
188250,310813,3
188251,310371,2
188253,302369,2
188288,186470,6
188296,474794,4
188297,263563,3
188298,295469,3
188299,92836,2
188304,444261,5
188327,379166,5
188330,213194,3
188391,274360,3
188477,262592,2
188479,264909,1
188480,535230,6
188486,274757,12
188487,45782,4
188488,116137,2
188555,58846,4
188616,14171,2
189225,312415,1
189414,247147,9
189516,188013,4
189525,423072,4
189526,360561,3
189527,174277,2
189528,178647,2
190251,44024,3
190253,266057,2
190256,457385,2
190385,16589,3
190406,248599,3
190456,81401,10
190575,15527,2
190579,219663,2
190596,286332,5
190624,328493,9
190636,253727,3
190653,262144,3
190669,291105,8
190672,458180,7
190682,331848,3
190736,124210,15
190763,275518,4
190802,401699,2
190803,341088,4
190886,115298,2
191154,324128,3
191228,222022,3
191232,311215,5
191234,234243,5
191465,81753,1
191811,303875,3
191821,345266,2
191822,277324,3
191823,230023,6
191992,309558,2
192017,132183,6
192022,250163,2
192225,379023,4
192315,223670,1
192323,196685,3
192325,310664,3
192353,314137,1
192358,330088,5
192398,121445,3
192427,123026,3
192430,475321,5
192439,340670,2
192448,96166,2
192474,129661,2
192482,55089,7
192543,180971,4
192544,422485,1
192648,328169,6
192902,369713,6
193156,255818,3
193858,369734,6
193902,238838,1
193917,369929,2
193919,369758,2
194015,20493,4
194016,369796,5
194119,252917,5
194124,260302,3
194126,268953,8
194136,458357,8
194140,285088,9
194150,488715,8
194152,379472,7
194155,229351,3
194162,405700,4
194168,257047,6
194169,167417,7
194204,16178,6
194403,75557,6
194430,425350,1
194493,314335,3
194529,276213,5
194533,288537,4
194795,339018,5
194840,238392,5
194891,348519,1
194894,174309,5
194906,245069,3
194971,490045,3
195003,121039,3
195061,110156,3
195345,37533,5
195396,219209,8
196270,326342,3
196308,245541,5
196445,502884,5
196818,262629,6
197200,296497,2
197201,246260,8
197202,422492,3
197204,390120,1
197207,292311,4
197208,325514,3
197216,100882,3
198305,317173,1
198372,29105,3
198473,36635,3
198503,380698,7
198589,185229,1
198590,184328,2
198746,279868,2
198811,232665,5
198818,188398,3
198829,448585,5
198854,457044,2
198885,328604,5
198889,313033,2
198977,223788,6
199024,311166,8
199034,231530,4
199569,73640,5
199571,429096,6
199639,298018,4
199884,258564,3
200164,247262,6
200165,401537,7
200166,118253,2
200167,401931,3
200179,382869,1
200344,183441,2
200349,282963,3
200377,29462,3
200418,250151,3
200453,170262,2
200476,326815,4
200495,122224,4
200497,375460,6
200504,369326,7
200520,251811,2
200631,157690,3
200632,408048,4
200635,170931,5
200636,265951,2
200671,240614,6
200684,121754,4
200685,122141,7
200699,321643,4
200749,334432,1
200757,235738,1
200769,122547,3
200833,433355,10
200837,171819,6
200838,423850,2
200840,171820,5
200841,388823,12
200842,251824,3
200843,298139,1
200911,120662,7
200929,222474,4
200957,313943,5
200992,283180,3
200994,55225,8
201029,515577,8
201033,226886,6
201039,65909,3
201050,456586,16
201053,307878,4
201056,169082,8
201062,512283,4
201065,433560,4
201070,257462,6
201081,290974,1
201089,95096,6
201126,222261,6
201135,280641,2
201181,223827,2
201272,121718,5
201289,122288,8
201297,383519,10
201301,419029,5
201310,299873,10
201360,52555,3
201378,122060,6
201393,278197,3
201440,87550,5
201465,465624,4
201494,95043,3
201501,167343,5
201601,311646,8
201616,279511,2
201623,100949,3
201680,16148,2
202451,147818,6
202490,15420,2
202506,267594,3
202546,149271,3
202700,363399,5
202725,164657,9
202791,269097,2
202889,237957,2
202975,280489,7
203014,180734,3
203015,71090,3
203024,314055,5
203038,304854,2
203057,298352,1
203110,461103,4
203143,480230,6
203152,260283,3
203219,241845,6
203230,15897,3
203276,308246,3
203277,243742,2
203349,242818,3
203380,258857,3
203381,65815,2
203544,484388,1
203637,223789,3
203673,32686,4
203677,468558,5
203694,213192,3
203695,242023,3
203710,115397,6
203719,317493,6
203740,71103,5
203751,47057,2
203762,321260,3
203763,364198,3
203766,160503,5
203768,306059,9
203784,24783,2
203834,318203,2
204459,312109,3
204703,172217,4
204705,32474,3
204888,68262,6
204891,210296,3
204899,252365,2
205054,424013,3
205195,133730,1
205398,115301,5
205500,174297,1
205870,164176,6
206199,294753,2
206795,249716,3
206798,301024,5
206875,206556,5
206896,161977,3
206904,502258,13
207059,250230,1
207061,220241,2
207575,265891,5
207588,213528,4
207596,272602,4
207597,272139,4
207599,272605,2
207600,272604,4
207603,272138,4
208063,16491,3
208065,456117,3
208066,290942,4
208074,458193,2
208075,457973,3
208088,318378,2
208094,256088,2
208116,374548,2
208130,237205,3
208315,455580,4
208316,304867,4
208330,439375,7
208336,223363,2
208348,229110,1
208584,172701,3
208814,277907,2
208842,228631,4
209009,69522,15
209154,220263,1
209156,251253,2
209222,204386,4
209236,189180,5
209255,199217,4
209278,456498,3
209280,255331,4
209449,150312,4
209451,326246,5
209452,242928,5
209462,273938,2
209473,310949,2
209474,31578,2
209479,249512,1
209481,226122,5
209490,220250,5
209498,230337,4
209499,331143,1
209513,36220,2
209514,35869,4
209515,171953,7
209518,341543,2
209523,370291,3
209524,360083,7
209527,185304,3
209530,16700,5
209532,301824,4
209533,297788,5
209534,36341,5
209535,97239,7
209536,423846,4
209538,449518,4
209573,249484,2
209780,25073,3
209866,230684,10
210114,223896,2
210169,287244,3
210206,162171,3
210252,326113,7
210285,169601,1
210303,105480,6
210569,353561,2
211068,178125,5
211113,270263,3
211127,106366,5
211170,273250,3
211199,217183,7
211310,387288,17
211452,431639,7
211574,457832,3
211694,64855,6
211733,178245,4
211757,72028,13
211799,297721,1
211805,271141,6
211811,213053,1
211814,464046,3
211818,232298,3
211819,284536,1
211848,75604,4
211882,75599,3
211894,72387,3
211897,73658,3
211905,8837,3
211913,243098,2
211927,134111,3
211928,215899,2
212039,506895,2
212041,144769,2
212049,313997,3
212050,45419,1
212060,259718,8
212083,115078,5
212096,345034,8
212099,251306,3
212120,280253,1
212128,27227,4
212136,440931,2
212148,60354,4
212179,431978,10
212186,287493,1
212188,375025,3
212197,193763,3
212198,85408,8
212199,133143,2
212204,329231,1
212218,299514,3
212222,314719,4
212224,234292,2
212225,29803,3
212246,279565,9
212253,142883,2
212259,201792,5
212288,75602,5
212292,259778,4
212331,372860,3
212337,289213,5
212358,167763,3
212367,290370,5
212400,355747,10
212404,174091,4
212419,327488,4
212428,430904,3
212459,283673,22
212464,327382,11
212478,116106,5
212547,236278,1
212550,167546,3
212555,15732,2
212562,369072,2
212566,503962,9
212569,485507,7
212574,446489,3
212581,266063,3
212593,375019,1
212601,81236,3
212615,364304,7
212628,351319,1
212634,251178,4
212660,87298,4
212704,36311,10
212707,65503,4
212743,209078,5
212745,300883,1
212746,41134,3
212787,178648,2
212793,258864,1
212798,75601,4
212902,118873,4
213167,96903,4
213198,94929,3
213342,307177,2
213368,194279,3
213409,297460,3
213411,364163,7
213440,453048,7
213441,207825,4
213446,264270,2
213471,270197,2
213483,291506,3
213489,362223,6
213491,298110,2
213494,455625,2
213625,264439,3
213670,483789,4
213699,242485,5
213700,114084,2
213718,280859,3
213728,457387,2
213762,263628,5
213793,304534,5
213800,191154,11
213804,234746,2
213809,304710,2
213858,104034,8
213883,413258,8
213890,179481,2
214051,275784,3
214052,258712,4
214059,457915,2
214440,425215,4
214441,527471,2
214459,517501,2
214460,8525,7
214475,505624,2
214487,327696,3
214509,122066,3
214719,429550,3
214932,7946,3
215142,91491,5
215340,73446,4
215344,67342,3
215427,405183,6
215469,91577,2
215522,457969,2
215526,108621,5
215527,270199,1
215528,451460,5
215530,253725,2
215532,329227,3
215552,253962,8
215570,299648,9
215576,283500,11
215585,33351,5
215590,463883,5
215946,233507,3
215952,297563,4
216006,480229,3
216098,15340,10
216134,477446,7
216158,163845,12
216237,253286,6
216238,262659,10
216251,302740,4
216256,32797,2
216280,316265,2
216283,316118,4
216500,433515,2
216534,131000,6
216569,285061,3
216634,198618,3
216664,264073,4
216665,372641,3
216666,318635,3
216680,34070,4
216698,231027,2
216701,245414,3
216711,55806,3
216714,245705,5
216723,340733,3
216728,369391,4
216734,300719,3
216735,34130,3
216740,360468,3
216760,258880,3
216775,378679,4
216797,287495,1
216798,45769,1
216806,318559,6
216809,295570,2
216822,251237,4
216829,45779,1
216870,483899,4
216877,67011,2
216893,292884,3
216894,161969,2
216906,228501,4
216910,356360,9
216913,334115,2
216915,326426,2
216952,95987,2
216967,342724,3
216981,444195,6
217027,288802,4
217048,221135,6
217068,174385,4
217111,253966,5
217117,250815,6
217188,292899,3
217767,418656,19
217768,372491,3
218652,45758,1
218920,284939,5
219031,45781,1
219035,8433,1
219054,193556,5
219067,483707,3
219244,135107,8
219432,125557,5
219483,167748,2
219554,174016,4
219601,423077,3
219622,45717,1
219781,84613,7
219826,269369,5
219948,185604,1
219983,48815,1
220099,325750,3
220189,253724,3
220211,374941,2
220217,16653,3
220258,315945,13
220272,320998,4
220313,128304,2
220339,456419,2
220352,289310,1
220362,177984,2
220367,155731,2
220389,19440,11
220390,19391,5
220393,22992,2
220399,398617,2
220403,347701,4
220406,382537,2
220465,211811,2
220487,405674,10
220506,214841,5
220519,510593,9
220520,249052,7
220522,347800,5
220525,163973,3
220540,217528,2
220543,216317,5
220562,233882,2
220584,239118,1
220613,315267,2
220643,166673,6
220726,171001,1
220731,299915,4
220752,163981,5
221919,33218,3
222627,284498,2
222676,67208,3
222677,247006,2
222684,450729,5
222844,377832,2
222897,75969,5
222983,246063,4
223051,186110,6
223151,315653,3
223166,13267,3
223221,162990,3
223232,269416,3
223284,216535,3
223429,504494,3
223554,426189,2
223586,161469,2
223588,91520,3
223630,115403,5
223654,233765,7
223655,308866,7
223658,54581,2
223659,32775,2
223660,255839,7
223661,364253,3
223664,182702,7
223666,503063,1
223667,167288,14
223668,433547,4
223669,59741,4
223671,422974,7
223672,231560,7
223673,163176,5
223679,163173,7
223680,405931,2
223683,126180,4
223725,454534,1
223747,332635,3
223752,342951,7
223753,258374,4
223756,335462,2
223758,217405,3
223760,328152,4
223761,238006,4
223763,310175,6
223765,127209,5
223770,73214,4
223777,382866,8
223778,247476,2
223779,341113,2
223782,239757,5
223784,270535,2
223785,22911,5
223788,327526,13
223789,213190,6
223797,244250,3
223809,289178,1
223810,245847,4
223816,302568,1
223896,491394,3
223903,36977,6
223904,440382,3
223911,346375,2
223923,246665,2
223961,366756,2
224213,105180,2
224508,338333,9
224533,53796,5
224584,424960,2
224603,86557,3
224604,217529,2
224619,50797,4
224643,251301,2
224686,439880,6
224687,109601,4
224700,328206,4
224745,227907,4
224779,475013,8
224787,137963,4
224790,93110,2
224792,94819,4
224793,313930,2
224798,31471,7
224800,503512,2
224803,389209,8
224805,480683,2
224808,429904,6
224816,44838,3
224820,280457,3
224822,33974,3
224823,53816,6
224825,182985,4
224826,368735,5
224827,99119,3
224840,34621,4
224848,237082,9
224856,173651,8
224860,128314,8
224868,321913,2
224883,477292,4
224884,353473,12
224886,300187,8
224887,307488,9
224892,177321,7
224953,368913,2
224956,104049,2
224959,166180,3
224960,263402,4
225296,482391,4
225354,401291,10
225373,40495,13
225378,262661,7
225454,216275,2
225509,300059,6
225549,108520,2
225554,381172,2
225555,223826,2
225577,314122,5
225584,287497,4
225790,289874,2
225808,444189,15
225809,161549,3
225816,200461,4
225818,103575,4
225821,8443,2
225824,155730,1
225825,75688,1
225841,227058,3
225842,53768,5
226019,57891,1
226162,317175,5
226262,451251,3
226272,141866,4
226292,299068,6
226293,460299,2
226413,262145,3
226429,76984,3
226439,254950,3
226441,173864,2
226461,425179,2
226473,139667,6
226488,507166,2
226496,284326,3
226497,274760,4
226525,217531,3
226531,288645,15
226532,280302,7
226553,292119,2
226567,270574,4
226568,277499,4
226571,423847,2
226575,80059,3
226579,318071,3
226606,62275,3
226649,228748,4
226654,281285,3
226667,318377,1
226668,175724,5
226678,288799,5
226683,219437,6
227199,473112,2
227205,238205,19
227207,191999,4
227242,293763,3
227298,456169,3
227299,51565,1
227335,95291,4
227353,413449,4
227408,215593,5
227532,317942,13
227632,429618,3
227638,91522,1
227639,177981,2
227665,35215,3
227666,28502,5
227683,290326,2
227684,178485,3
227686,71089,4
227888,273860,5
227918,384108,4
227921,259553,6
227926,332069,3
227933,205275,2
227942,188019,3
227970,257260,5
228114,133342,2
228115,347791,4
228116,56130,4
228126,177878,2
228211,63124,4
228252,346981,3
228298,16047,3
228323,449905,1
228378,252507,3
228413,356961,3
228651,414475,8
228718,274962,1
228750,187169,4
228865,251232,4
228872,251257,4
228873,220993,2
228875,259045,1
228876,210572,5
228877,210408,5
228878,348025,1
228879,220994,3
228880,210451,6
228881,334439,1
228882,210409,4
228883,203712,6
228884,203720,5
228885,258940,2
228886,221764,3
228887,210404,5
228888,252512,3
228889,203728,5
228901,251229,6
228931,59148,2
229069,231631,4
229106,87512,2
229107,292887,1
229108,12791,2
229119,126943,4
229174,351318,1
229175,63851,3
229234,274877,2
229235,342719,3
229236,265908,2
229289,213182,2
229677,443502,8
229748,292214,2
229794,35412,4
229810,189415,3
230115,215764,8
230230,449287,4
230232,522942,3
230264,183404,1
230320,360189,6
230329,498523,3
230382,423088,2
230766,428485,3
230828,213532,2
230833,14224,2
230834,238533,2
